{"is_source_file": true, "format": "HTML", "description": "This is a web page source file for a Database Viewer UI, providing frontend code to browse and visualize database tables and data.", "external_files": ["API endpoints (assumed to be backend services at /api/... URLs)"], "external_methods": ["fetch", "document.querySelector", "document.getElementById", "setAttribute", "classList.add", "classList.remove", "classList.toggle", "innerHTML", "addEventListener"], "published": [], "classes": [], "methods": [{"name": "loadDatabases", "description": "Fetches list of databases and displays them in the sidebar."}, {"name": "refreshDatabases", "description": "Triggers reload of database list and resets UI state."}, {"name": "toggleDatabase", "description": "Expands or collapses the table list for a database."}, {"name": "loadTables", "description": "Fetches list of tables for a selected database."}, {"name": "loadTableData", "description": "Loads data for a specific table and renders it in the main content area."}, {"name": "renderTable", "description": "Generates HTML for displaying table data."}, {"name": "renderCell", "description": "Generates HTML for a single cell, handling object and long text display."}, {"name": "expandCell", "description": "Expands or collapses cell content to show full data."}], "calls": ["fetchData('/api/databases')", "fetchData(`/api/${db}/tables`)", "fetchData(`/api/${db}/tables/${tableName}/data?limit=50`)"], "search-terms": ["Database Viewer HTML frontend", "JS functions for database browsing", "Dynamic table rendering", "Expand/collapse cells in table", "API database endpoints"], "state": 2, "file_id": 7, "knowledge_revision": 15, "git_revision": "d3ac2aef82580bd60f56c85a44de04c9cbe7aeb7", "hash": "ee63333a4841bf025439c755a74c9881", "format-version": 4, "code-base-name": "database", "filename": "database/db_visualizer/public/index.html", "revision_history": [{"15": "d3ac2aef82580bd60f56c85a44de04c9cbe7aeb7"}]}