{"is_source_file": true, "format": "bash", "description": "A shell script for restoring databases from various backup formats, supporting SQLite, PostgreSQL, MySQL, and MongoDB. It detects backup files and attempts to restore the database accordingly.", "external_files": ["database_backup.db", "database_backup.sql", "database_backup.archive"], "external_methods": ["ls", "cp", "sudo -u postgres pg_isready", "psql", "mysqladmin ping", "mysql", "mongosh", "mongorestore"], "published": [], "classes": [], "methods": [], "calls": ["ls /usr/lib/postgresql/", "sudo -u postgres pg_isready -p ${DB_PORT}", "psql -h localhost -p ${DB_PORT} -U ${DB_USER} -d postgres < database_backup.sql", "mysqladmin ping -h localhost -P ${DB_PORT}", "mysqladmin ping --socket=/var/run/mysqld/mysqld.sock", "mysql -h localhost -P ${DB_PORT} -u ${DB_USER} -p${DB_PASSWORD} -e \"SELECT 1\"", "mysql -h localhost -P ${DB_PORT} -u root -p${DB_PASSWORD} -e \"SELECT 1\"", "sudo mysql --socket=/var/run/mysqld/mysqld.sock -u root -p${DB_PASSWORD} -e \"SELECT 1\"", "mongosh --port ${DB_PORT} --eval \"db.adminCommand('ping')\"", "mongorestore --port ${DB_PORT} --archive=database_backup.archive --drop --quiet"], "search-terms": ["restore", "database_backup", "backup files", "SQLite restore", "PostgreSQL restore", "MySQL restore", "MongoDB restore", "detect backup format"], "state": 2, "file_id": 5, "knowledge_revision": 14, "git_revision": "d3ac2aef82580bd60f56c85a44de04c9cbe7aeb7", "hash": "d42c3e6cbc3bbd627e3c08afcf4183ec", "format-version": 4, "code-base-name": "database", "filename": "database/restore_db.sh", "revision_history": [{"14": "d3ac2aef82580bd60f56c85a44de04c9cbe7aeb7"}]}