{"is_source_file": true, "format": "Python", "description": "This script initializes an SQLite database by creating tables, inserting initial data, and saving connection info and environment setup for external tools.", "external_files": ["db_connection.txt", "db_visualizer/sqlite.env"], "external_methods": ["os.path.exists", "os.getcwd", "os.makedirs", "sqlite3.connect", "conn.execute", "conn.cursor", "cursor.execute", "conn.commit", "conn.close", "open"], "published": ["DB_NAME", "DB_USER", "DB_PASSWORD", "DB_PORT"], "classes": [], "methods": [{"name": "main script execution", "description": "Initializes and checks the SQLite database, creates tables, inserts default data, and writes configuration files."}], "calls": ["os.path.exists", "os.getcwd", "sqlite3.connect", "conn.execute", "conn.cursor", "cursor.execute", "conn.commit", "conn.close", "open", "os.makedirs", "subprocess.run"], "search-terms": ["init_db.py", "SQLite database setup", "database initialization", "create tables", "insert default data", "save connection info", "environment variables", "db_visualizer"], "state": 2, "file_id": 4, "knowledge_revision": 18, "git_revision": "d3ac2aef82580bd60f56c85a44de04c9cbe7aeb7", "ctags": [{"_type": "tag", "name": "DB_NAME", "path": "/home/kavia/workspace/code-generation/simple-to-do-list-315347-315358/database/init_db.py", "pattern": "/^DB_NAME = \"myapp.db\"$/", "language": "Python", "kind": "variable"}, {"_type": "tag", "name": "DB_PASSWORD", "path": "/home/kavia/workspace/code-generation/simple-to-do-list-315347-315358/database/init_db.py", "pattern": "/^DB_PASSWORD = \"kaviadefaultpassword\"  # Not used for SQLite, but kept for consistency$/", "language": "Python", "kind": "variable"}, {"_type": "tag", "name": "DB_PORT", "path": "/home/kavia/workspace/code-generation/simple-to-do-list-315347-315358/database/init_db.py", "pattern": "/^DB_PORT = \"5000\"  # Not used for SQLite, but kept for consistency$/", "language": "Python", "kind": "variable"}, {"_type": "tag", "name": "DB_USER", "path": "/home/kavia/workspace/code-generation/simple-to-do-list-315347-315358/database/init_db.py", "pattern": "/^DB_USER = \"kaviasqlite\"  # Not used for SQLite, but kept for consistency$/", "language": "Python", "kind": "variable"}, {"_type": "tag", "name": "conn", "path": "/home/kavia/workspace/code-generation/simple-to-do-list-315347-315358/database/init_db.py", "pattern": "/^conn = sqlite3.connect(DB_NAME)$/", "language": "Python", "kind": "variable"}, {"_type": "tag", "name": "connection_string", "path": "/home/kavia/workspace/code-generation/simple-to-do-list-315347-315358/database/init_db.py", "pattern": "/^connection_string = f\"sqlite:\\/\\/\\/{current_dir}\\/{DB_NAME}\"$/", "language": "Python", "kind": "variable"}, {"_type": "tag", "name": "current_dir", "path": "/home/kavia/workspace/code-generation/simple-to-do-list-315347-315358/database/init_db.py", "pattern": "/^current_dir = os.getcwd()$/", "language": "Python", "kind": "variable"}, {"_type": "tag", "name": "cursor", "path": "/home/kavia/workspace/code-generation/simple-to-do-list-315347-315358/database/init_db.py", "pattern": "/^cursor = conn.cursor()$/", "language": "Python", "kind": "variable"}, {"_type": "tag", "name": "db_exists", "path": "/home/kavia/workspace/code-generation/simple-to-do-list-315347-315358/database/init_db.py", "pattern": "/^db_exists = os.path.exists(DB_NAME)$/", "language": "Python", "kind": "variable"}, {"_type": "tag", "name": "db_path", "path": "/home/kavia/workspace/code-generation/simple-to-do-list-315347-315358/database/init_db.py", "pattern": "/^db_path = os.path.abspath(DB_NAME)$/", "language": "Python", "kind": "variable"}, {"_type": "tag", "name": "record_count", "path": "/home/kavia/workspace/code-generation/simple-to-do-list-315347-315358/database/init_db.py", "pattern": "/^record_count = cursor.fetchone()[0]$/", "language": "Python", "kind": "variable"}, {"_type": "tag", "name": "result", "path": "/home/kavia/workspace/code-generation/simple-to-do-list-315347-315358/database/init_db.py", "pattern": "/^    result = subprocess.run(['which', 'sqlite3'], capture_output=True, text=True)$/", "language": "Python", "kind": "variable"}, {"_type": "tag", "name": "table_count", "path": "/home/kavia/workspace/code-generation/simple-to-do-list-315347-315358/database/init_db.py", "pattern": "/^table_count = cursor.fetchone()[0]$/", "language": "Python", "kind": "variable"}], "hash": "845563ac3a3e5f404f7df7262edc1f74", "format-version": 4, "code-base-name": "database", "filename": "database/init_db.py", "fields": [{"name": "DB_NAME = \"myapp.db\"", "scope": "", "scopeKind": "", "description": "unavailable"}, {"name": "DB_PASSWORD = \"kaviadefaultpassword\"  # Not used for SQLite, but kept for consistency", "scope": "", "scopeKind": "", "description": "unavailable"}, {"name": "DB_PORT = \"5000\"  # Not used for SQLite, but kept for consistency", "scope": "", "scopeKind": "", "description": "unavailable"}, {"name": "DB_USER = \"kaviasqlite\"  # Not used for SQLite, but kept for consistency", "scope": "", "scopeKind": "", "description": "unavailable"}, {"name": "conn = sqlite3.connect(DB_NAME)", "scope": "", "scopeKind": "", "description": "unavailable"}, {"name": "connection_string = f\"sqlite:\\/\\/\\/{current_dir}\\/{DB_NAME}\"", "scope": "", "scopeKind": "", "description": "unavailable"}, {"name": "current_dir = os.getcwd()", "scope": "", "scopeKind": "", "description": "unavailable"}, {"name": "cursor = conn.cursor()", "scope": "", "scopeKind": "", "description": "unavailable"}, {"name": "db_exists = os.path.exists(DB_NAME)", "scope": "", "scopeKind": "", "description": "unavailable"}, {"name": "db_path = os.path.abspath(DB_NAME)", "scope": "", "scopeKind": "", "description": "unavailable"}, {"name": "record_count = cursor.fetchone()[0]", "scope": "", "scopeKind": "", "description": "unavailable"}, {"name": "result = subprocess.run(['which', 'sqlite3'], capture_output=True, text=True)", "scope": "", "scopeKind": "", "description": "unavailable"}, {"name": "table_count = cursor.fetchone()[0]", "scope": "", "scopeKind": "", "description": "unavailable"}], "revision_history": [{"18": "d3ac2aef82580bd60f56c85a44de04c9cbe7aeb7"}]}