{"is_source_file": true, "format": "bash", "description": "This file is a shell script that automates the process of backing up various types of databases (SQLite, PostgreSQL, MySQL, MongoDB) by detecting which database is running and executing the appropriate commands.", "external_files": ["/usr/lib/postgresql/", "/usr/lib/postgresql/*/bin", "/var/run/mysqld/mysqld.sock"], "external_methods": ["ls", "sudo -u postgres pg_isready", "mysqladmin", "mysql", "mysqldump", "mongosh", "mongodump"], "published": [], "classes": [], "methods": [], "calls": ["ls", "sudo -u postgres pg_isready", "mysqladmin ping", "mysql -h localhost -P ${DB_PORT} -u ${DB_USER} -p${DB_PASSWORD} -e \"SELECT 1\"", "mysqldump -h localhost -P ${DB_PORT} -u ${DB_USER} -p${DB_PASSWORD} --databases ${DB_NAME} --add-drop-database --routines --triggers --single-transaction", "mongosh --port ${DB_PORT} --eval \"db.adminCommand('ping')\"", "mongodump --port ${DB_PORT} --db ${DB_NAME} --archive=database_backup.archive --quiet"], "search-terms": ["backup_db.sh", "database backup script", "detects and backs up database", "SQLite backup", "PostgreSQL backup", "MySQL backup", "MongoDB backup"], "state": 2, "file_id": 2, "knowledge_revision": 11, "git_revision": "d3ac2aef82580bd60f56c85a44de04c9cbe7aeb7", "hash": "d7da372b768c895a33088027314656c3", "format-version": 4, "code-base-name": "database", "filename": "database/backup_db.sh", "revision_history": [{"11": "d3ac2aef82580bd60f56c85a44de04c9cbe7aeb7"}]}