{"is_source_file": false, "format": "", "description": "", "external_files": [], "external_methods": [], "published": [], "classes": [], "methods": [], "calls": [], "search-terms": [], "state": 2, "file_id": 8, "knowledge_revision": 12, "git_revision": "d3ac2aef82580bd60f56c85a44de04c9cbe7aeb7", "hash": "0c9f36dfd1a6dee9fa952c06ab7d9563", "format-version": 4, "code-base-name": "database", "filename": "database/db_visualizer/package.json", "revision_history": [{"12": "d3ac2aef82580bd60f56c85a44de04c9cbe7aeb7"}]}